{"IcoMoonType":"selection","icons":[{"icon":{"paths":["M854 470v84h-520l238 240-60 60-342-342 342-342 60 60-238 240h520z"],"attrs":[],"isMulticolor":false,"isMulticolor2":false,"tags":["arrow_back"],"defaultCode":58820,"grid":24},"attrs":[],"properties":{"ligatures":"arrow_back","id":45,"order":49,"prevSize":24,"code":58820,"name":"arrow_back"},"setIdx":0,"setId":2,"iconIdx":45},{"icon":{"paths":["M854 512l-342 342-342-342 62-60 238 238v-520h84v520l240-238z"],"attrs":[],"isMulticolor":false,"isMulticolor2":false,"tags":["arrow_downward"],"defaultCode":58843,"grid":24},"attrs":[],"properties":{"ligatures":"arrow_downward","id":46,"order":51,"prevSize":24,"code":58843,"name":"arrow_downward"},"setIdx":0,"setId":2,"iconIdx":46},{"icon":{"paths":["M512 170l342 342-342 342-60-60 238-240h-520v-84h520l-238-240z"],"attrs":[],"isMulticolor":false,"isMulticolor2":false,"tags":["arrow_forward"],"defaultCode":58824,"grid":24},"attrs":[],"properties":{"ligatures":"arrow_forward","id":50,"order":52,"prevSize":24,"code":58824,"name":"arrow_forward"},"setIdx":0,"setId":2,"iconIdx":50},{"icon":{"paths":["M170 512l342-342 342 342-62 60-238-238v520h-84v-520l-240 238z"],"attrs":[],"isMulticolor":false,"isMulticolor2":false,"tags":["arrow_upward"],"defaultCode":58840,"grid":24},"attrs":[],"properties":{"ligatures":"arrow_upward","id":51,"order":53,"prevSize":24,"code":58840,"name":"arrow_upward"},"setIdx":0,"setId":2,"iconIdx":51},{"icon":{"paths":["M534 298v224l192 114-32 54-224-136v-256h64zM512 854c188 0 342-154 342-342s-154-342-342-342-342 154-342 342 154 342 342 342zM512 86c236 0 426 190 426 426s-190 426-426 426-426-190-426-426 190-426 426-426z"],"attrs":[],"isMulticolor":false,"isMulticolor2":false,"tags":["schedule"],"defaultCode":59573,"grid":24},"attrs":[],"properties":{"ligatures":"access_time, query_builder, schedule","id":4,"order":22,"prevSize":24,"code":59573,"name":"latest"},"setIdx":1,"setId":1,"iconIdx":0},{"icon":{"paths":["M682 854v-172h172v172h-172zM682 598v-172h172v172h-172zM426 342v-172h172v172h-172zM682 170h172v172h-172v-172zM426 598v-172h172v172h-172zM170 598v-172h172v172h-172zM170 854v-172h172v172h-172zM426 854v-172h172v172h-172zM170 342v-172h172v172h-172z"],"attrs":[],"isMulticolor":false,"isMulticolor2":false,"tags":["apps"],"defaultCode":58819,"grid":24},"attrs":[],"properties":{"ligatures":"apps","id":43,"order":23,"prevSize":24,"code":58819,"name":"apps"},"setIdx":1,"setId":1,"iconIdx":1},{"icon":{"paths":["M256 170v342l106-64 108 64v-342h-214zM768 86c46 0 86 38 86 84v684c0 46-40 84-86 84h-512c-46 0-86-38-86-84v-684c0-46 40-84 86-84h512z"],"attrs":[],"isMulticolor":false,"isMulticolor2":false,"tags":["class"],"defaultCode":59502,"grid":24},"attrs":[],"properties":{"ligatures":"book, class","id":86,"order":21,"prevSize":24,"code":59502,"name":"volume"},"setIdx":1,"setId":1,"iconIdx":2},{"icon":{"paths":["M726 128c46 0 84 40 84 86v682l-298-128-298 128v-682c0-46 38-86 84-86h428z"],"attrs":[],"isMulticolor":false,"isMulticolor2":false,"tags":["turned_in"],"defaultCode":59622,"grid":24},"attrs":[],"properties":{"ligatures":"bookmark, turned_in","id":87,"order":19,"prevSize":24,"code":59622,"name":"bookmarked"},"setIdx":1,"setId":1,"iconIdx":3},{"icon":{"paths":["M726 768v-554h-428v554l214-94zM726 128c46 0 84 40 84 86v682l-298-128-298 128v-682c0-46 38-86 84-86h428z"],"attrs":[],"isMulticolor":false,"isMulticolor2":false,"tags":["turned_in_not"],"defaultCode":59623,"grid":24},"attrs":[],"properties":{"ligatures":"bookmark_border, turned_in_not","id":88,"order":20,"prevSize":24,"code":59623,"name":"bookmark"},"setIdx":1,"setId":1,"iconIdx":4},{"icon":{"paths":["M968 810c18 12 18 42-4 60l-98 98c-18 18-42 18-60 0l-388-388c-98 38-212 18-294-64-86-86-108-214-56-316l188 184 128-128-184-184c102-46 230-30 316 56 82 82 102 196 64 294z"],"attrs":[],"isMulticolor":false,"isMulticolor2":false,"tags":["build"],"defaultCode":59497,"grid":24},"attrs":[],"properties":{"ligatures":"build","id":114,"order":24,"prevSize":24,"code":59497,"name":"tool"},"setIdx":1,"setId":1,"iconIdx":5},{"icon":{"paths":["M256 512h128l-170 170-172-170h128c0-188 154-342 342-342 66 0 130 20 182 54l-62 62c-36-20-76-30-120-30-142 0-256 114-256 256zM810 342l172 170h-128c0 188-154 342-342 342-66 0-130-20-182-54l62-62c36 20 76 30 120 30 142 0 256-114 256-256h-128z"],"attrs":[],"isMulticolor":false,"isMulticolor2":false,"tags":["cached"],"defaultCode":59498,"grid":24},"attrs":[],"properties":{"ligatures":"cached","id":118,"order":25,"prevSize":24,"code":59498,"name":"refresh"},"setIdx":1,"setId":1,"iconIdx":6},{"icon":{"paths":["M726 554h-128v-170h-172v170h-128l214 214zM826 428c110 8 198 100 198 212 0 118-96 214-214 214h-554c-142 0-256-114-256-256 0-132 100-240 228-254 54-102 160-174 284-174 156 0 284 110 314 258z"],"attrs":[],"isMulticolor":false,"isMulticolor2":false,"tags":["cloud_download"],"defaultCode":58048,"grid":24},"attrs":[],"properties":{"ligatures":"cloud_download","id":163,"order":26,"prevSize":24,"code":58048,"name":"download"},"setIdx":1,"setId":1,"iconIdx":7},{"icon":{"paths":["M768 342v-86h-512v86h512zM768 470v-86h-512v86h512zM768 598v-86h-512v86h512zM938 170v768l-170-170h-598c-46 0-84-40-84-86v-512c0-46 38-84 84-84h684c46 0 84 38 84 84z"],"attrs":[],"isMulticolor":false,"isMulticolor2":false,"tags":["comment"],"defaultCode":57529,"grid":24},"attrs":[],"properties":{"ligatures":"comment","id":171,"order":27,"prevSize":24,"code":57529,"name":"comment"},"setIdx":1,"setId":1,"iconIdx":8},{"icon":{"paths":["M598 214h212v212h-84v-128h-128v-84zM726 726v-128h84v212h-212v-84h128zM214 426v-212h212v84h-128v128h-84zM298 598v128h128v84h-212v-212h84z"],"attrs":[],"isMulticolor":false,"isMulticolor2":false,"tags":["fullscreen"],"defaultCode":58832,"grid":24},"attrs":[],"properties":{"ligatures":"fullscreen","id":349,"order":31,"prevSize":24,"code":58832,"name":"fullscreen"},"setIdx":1,"setId":1,"iconIdx":9},{"icon":{"paths":["M682 342h128v84h-212v-212h84v128zM598 810v-212h212v84h-128v128h-84zM342 342v-128h84v212h-212v-84h128zM214 682v-84h212v212h-84v-128h-128z"],"attrs":[],"isMulticolor":false,"isMulticolor2":false,"tags":["fullscreen_exit"],"defaultCode":58833,"grid":24},"attrs":[],"properties":{"ligatures":"fullscreen_exit","id":350,"order":32,"prevSize":24,"code":58833,"name":"unfullscreen"},"setIdx":1,"setId":1,"iconIdx":10},{"icon":{"paths":["M512 256c94 0 170 76 170 170 0 106-128 118-128 214h-84c0-138 128-128 128-214 0-46-40-84-86-84s-86 38-86 84h-84c0-94 76-170 170-170zM512 854c188 0 342-154 342-342s-154-342-342-342-342 154-342 342 154 342 342 342zM512 86c236 0 426 190 426 426s-190 426-426 426-426-190-426-426 190-426 426-426zM470 768v-86h84v86h-84z"],"attrs":[],"isMulticolor":false,"isMulticolor2":false,"tags":["help_outline"],"defaultCode":59645,"grid":24},"attrs":[],"properties":{"ligatures":"help_outline","id":381,"order":29,"prevSize":24,"code":59645,"name":"help"},"setIdx":1,"setId":1,"iconIdx":11},{"icon":{"paths":["M512 854c188 0 342-154 342-342s-154-342-342-342-342 154-342 342 154 342 342 342zM512 86c236 0 426 190 426 426s-190 426-426 426-426-190-426-426 190-426 426-426zM622 342l60 60-110 110 110 110-60 60-110-110-110 110-60-60 110-110-110-110 60-60 110 110z"],"attrs":[],"isMulticolor":false,"isMulticolor2":false,"tags":["highlight_off"],"defaultCode":59528,"grid":24},"attrs":[],"properties":{"ligatures":"highlight_off","id":384,"order":30,"prevSize":24,"code":59528,"name":"cancel"},"setIdx":1,"setId":1,"iconIdx":12},{"icon":{"paths":["M644 342v-86c0-72-60-132-132-132s-132 60-132 132v86h264zM512 726c46 0 86-40 86-86s-40-86-86-86-86 40-86 86 40 86 86 86zM768 342c46 0 86 38 86 84v428c0 46-40 84-86 84h-512c-46 0-86-38-86-84v-428c0-46 40-84 86-84h42v-86c0-118 96-214 214-214s214 96 214 214v86h42z"],"attrs":[],"isMulticolor":false,"isMulticolor2":false,"tags":["lock"],"defaultCode":59543,"grid":24},"attrs":[],"properties":{"ligatures":"https, lock","id":392,"order":34,"prevSize":24,"code":59543,"name":"lock"},"setIdx":1,"setId":1,"iconIdx":13},{"icon":{"paths":["M470 384v-86h84v86h-84zM512 854c188 0 342-154 342-342s-154-342-342-342-342 154-342 342 154 342 342 342zM512 86c236 0 426 190 426 426s-190 426-426 426-426-190-426-426 190-426 426-426zM470 726v-256h84v256h-84z"],"attrs":[],"isMulticolor":false,"isMulticolor2":false,"tags":["info_outline"],"defaultCode":59535,"grid":24},"attrs":[],"properties":{"ligatures":"info_outline","id":401,"order":33,"prevSize":24,"code":59535,"name":"info"},"setIdx":1,"setId":1,"iconIdx":14},{"icon":{"paths":["M598 128h298v298h-86v-152l-418 418-60-60 418-418h-152v-86zM810 810v-298h86v298c0 46-40 86-86 86h-596c-48 0-86-40-86-86v-596c0-46 38-86 86-86h298v86h-298v596h596z"],"attrs":[],"isMulticolor":false,"isMulticolor2":false,"tags":["open_in_new"],"defaultCode":59550,"grid":24},"attrs":[],"properties":{"ligatures":"launch, open_in_new","id":429,"order":35,"prevSize":24,"code":59550,"name":"external"},"setIdx":1,"setId":1,"iconIdx":15},{"icon":{"paths":["M760 220c82 70 136 176 136 292 0 212-172 384-384 384s-384-172-384-384c0-116 54-222 136-292l60 60c-66 54-110 138-110 232 0 166 132 298 298 298s298-132 298-298c0-94-42-176-110-230zM554 128v426h-84v-426h84z"],"attrs":[],"isMulticolor":false,"isMulticolor2":false,"tags":["power_settings_new"],"defaultCode":59564,"grid":24},"attrs":[],"properties":{"ligatures":"power_settings_new","id":601,"order":38,"prevSize":24,"code":59564,"name":"power"},"setIdx":1,"setId":1,"iconIdx":16},{"icon":{"paths":["M554 554v-256h-84v256h84zM512 738c30 0 56-26 56-56s-26-54-56-54-56 24-56 54 26 56 56 56zM672 128l224 224v320l-224 224h-320l-224-224v-320l224-224h320z"],"attrs":[],"isMulticolor":false,"isMulticolor2":false,"tags":["report"],"defaultCode":57696,"grid":24},"attrs":[],"properties":{"ligatures":"report","id":631,"order":37,"prevSize":24,"code":57696,"name":"error"},"setIdx":1,"setId":1,"iconIdx":17},{"icon":{"paths":["M554 598v-172h-84v172h84zM554 768v-86h-84v86h84zM42 896l470-810 470 810h-940z"],"attrs":[],"isMulticolor":false,"isMulticolor2":false,"tags":["warning"],"defaultCode":57346,"grid":24},"attrs":[],"properties":{"ligatures":"report_problem, warning","id":632,"order":54,"prevSize":24,"code":57346,"name":"warning"},"setIdx":1,"setId":1,"iconIdx":18},{"icon":{"paths":["M170 430c234 0 424 190 424 424h-122c0-166-136-302-302-302v-122zM170 190c366 0 664 298 664 664h-120c0-300-244-544-544-544v-120zM170 760c0-52 42-92 94-92s92 40 92 92-40 94-92 94-94-42-94-94z"],"attrs":[],"isMulticolor":false,"isMulticolor2":false,"tags":["rss_feed"],"defaultCode":57573,"grid":24},"attrs":[],"properties":{"ligatures":"rss_feed","id":643,"order":40,"prevSize":24,"code":57573,"name":"feed"},"setIdx":1,"setId":1,"iconIdx":19},{"icon":{"paths":["M512 662c82 0 150-68 150-150s-68-150-150-150-150 68-150 150 68 150 150 150zM830 554l90 70c8 6 10 18 4 28l-86 148c-6 10-16 12-26 8l-106-42c-22 16-46 32-72 42l-16 112c-2 10-10 18-20 18h-172c-10 0-18-8-20-18l-16-112c-26-10-50-24-72-42l-106 42c-10 4-20 2-26-8l-86-148c-6-10-4-22 4-28l90-70c-2-14-2-28-2-42s0-28 2-42l-90-70c-8-6-10-18-4-28l86-148c6-10 16-12 26-8l106 42c22-16 46-32 72-42l16-112c2-10 10-18 20-18h172c10 0 18 8 20 18l16 112c26 10 50 24 72 42l106-42c10-4 20-2 26 8l86 148c6 10 4 22-4 28l-90 70c2 14 2 28 2 42s0 28-2 42z"],"attrs":[],"isMulticolor":false,"isMulticolor2":false,"tags":["settings"],"defaultCode":59576,"grid":24},"attrs":[],"properties":{"ligatures":"settings","id":664,"order":55,"prevSize":24,"code":59576,"name":"cog"},"setIdx":1,"setId":1,"iconIdx":20},{"icon":{"paths":["M768 686c68 0 124 56 124 124s-56 126-124 126-124-58-124-126c0-10 0-20 2-28l-302-176c-24 22-54 34-88 34-70 0-128-58-128-128s58-128 128-128c34 0 64 12 88 34l300-174c-2-10-4-20-4-30 0-70 58-128 128-128s128 58 128 128-58 128-128 128c-34 0-64-14-88-36l-300 176c2 10 4 20 4 30s-2 20-4 30l304 176c22-20 52-32 84-32z"],"attrs":[],"isMulticolor":false,"isMulticolor2":false,"tags":["share"],"defaultCode":59405,"grid":24},"attrs":[],"properties":{"ligatures":"share","id":681,"order":44,"prevSize":24,"code":59405,"name":"share"},"setIdx":1,"setId":1,"iconIdx":21},{"icon":{"paths":["M854 512v-342h-214v342l106-64zM854 86c46 0 84 38 84 84v512c0 46-38 86-84 86h-512c-46 0-86-40-86-86v-512c0-46 40-84 86-84h512zM170 256v598h598v84h-598c-46 0-84-38-84-84v-598h84z"],"attrs":[{}],"isMulticolor":false,"isMulticolor2":false,"tags":["collections_bookmark"],"grid":24},"attrs":[{}],"properties":{"order":1,"id":5,"prevSize":24,"code":59648,"name":"volumes"},"setIdx":1,"setId":1,"iconIdx":22},{"icon":{"paths":["M384 214h512v170h-512v-170zM384 810v-170h512v170h-512zM384 598v-172h512v172h-512zM170 384v-170h172v170h-172zM170 810v-170h172v170h-172zM170 598v-172h172v172h-172z"],"attrs":[{}],"isMulticolor":false,"isMulticolor2":false,"tags":["view_list"],"grid":24},"attrs":[{}],"properties":{"order":1,"id":4,"name":"list","prevSize":24,"code":59649},"setIdx":1,"setId":1,"iconIdx":23},{"icon":{"paths":["M406 598c106 0 192-86 192-192s-86-192-192-192-192 86-192 192 86 192 192 192zM662 598l212 212-64 64-212-212v-34l-12-12c-48 42-112 66-180 66-154 0-278-122-278-276s124-278 278-278 276 124 276 278c0 68-24 132-66 180l12 12h34z"],"attrs":[{}],"isMulticolor":false,"isMulticolor2":false,"tags":["search"],"grid":24},"attrs":[{}],"properties":{"order":1,"id":3,"prevSize":24,"code":59650,"name":"search"},"setIdx":1,"setId":1,"iconIdx":24},{"icon":{"paths":["M384 128l170 170h-128v300h-84v-300h-128zM682 726h128l-170 170-170-170h128v-300h84v300z"],"attrs":[{}],"isMulticolor":false,"isMulticolor2":false,"tags":["swap_vert"],"grid":24},"attrs":[{}],"properties":{"order":1,"id":1,"prevSize":24,"code":59651,"name":"vertical"},"setIdx":1,"setId":1,"iconIdx":25},{"icon":{"paths":["M128 256h768v86h-768v-86zM128 554v-84h768v84h-768zM128 768v-86h768v86h-768z"],"attrs":[{}],"isMulticolor":false,"isMulticolor2":false,"tags":["menu"],"grid":24},"attrs":[{}],"properties":{"order":1,"id":2,"prevSize":24,"code":59652,"name":"menu"},"setIdx":1,"setId":1,"iconIdx":26},{"icon":{"paths":["M896 384l-170 170v-128h-300v-84h300v-128zM298 470v128h300v84h-300v128l-170-170z"],"attrs":[{}],"isMulticolor":false,"isMulticolor2":false,"tags":["swap_horiz"],"grid":24},"attrs":[{}],"properties":{"order":6,"id":0,"prevSize":24,"code":59653,"name":"horizontal"},"setIdx":1,"setId":1,"iconIdx":27},{"icon":{"paths":["M670 237q16 0 27.5 11t11.5 27v474q0 16-11.5 27t-27.5 11h-316q-16 0-28-11t-12-27v-474q0-16 11.5-27t27.5-11h317zM670 158h-316q-49 0-83 34.5t-34 82.5v474q0 49 34.5 83t82.5 34h316q49 0 83-34.5t34-82.5v-474q0-49-34-83t-83-34zM478 466h-56q-11 0-17-5t-6-18q0-12 7-16.5t24-7.5l16-3q37-8 40.5-34t31.5-26q11 0 18.5 6t7.5 24v246q0 17-7.5 27.5t-25.5 10.5-25.5-10.5-7.5-27.5v-166z"],"attrs":[{}],"isMulticolor":false,"isMulticolor2":false,"grid":0,"tags":["single"]},"attrs":[{}],"properties":{"order":12,"id":3,"name":"single","prevSize":24,"code":59654},"setIdx":1,"setId":1,"iconIdx":28},{"icon":{"paths":["M906 237q16 0 27.5 11t11.5 27v474q0 16-11.5 27t-27.5 11h-315q-16 0-28-11t-12-27v-474q0-16 11.5-27t28.5-11h315zM906 158h-315q-49 0-83.5 34.5t-34.5 82.5v474q0 49 34.5 83t83.5 34h315q49 0 83.5-34.5t34.5-82.5v-474q0-49-34.5-83t-83.5-34zM715 466h-57q-10 0-16-5t-6-18q0-12 7-16.5t24-7.5l16-3q36-8 40-34t32-26q10 0 17.5 6t7.5 24v246q0 17-7.5 27.5t-24.5 10.5q-19 0-26-10.5t-7-27.5v-166zM361 611q13 0 21 6.5t8 21.5-8.5 21.5-23.5 6.5h-162q-20 0-28-10.5t-8-21.5q0-23 20.5-48t61.5-51q45-29 63-42t18-39q0-22-14-33t-31-11q-21 0-35 10t-22 36q-3 12-8.5 18t-18.5 6q-14 0-23-6t-9-22q0-40 34-67t82-27q52 0 81.5 27t29.5 57q0 43-19 65t-54 42q-36 21-58 35t-27 26h130zM433 237q16 0 27.5 11t11.5 27v474q0 16-11.5 27t-27.5 11h-315q-16 0-28-11t-12-27v-474q0-16 11.5-27t28.5-11h315zM433 158h-315q-49 0-83.5 34t-34.5 83v474q0 49 34.5 83t83.5 34h315q49 0 83.5-34.5t34.5-82.5v-474q0-49-34.5-83t-83.5-34z"],"attrs":[{}],"isMulticolor":false,"isMulticolor2":false,"grid":0,"tags":["spread"]},"attrs":[{}],"properties":{"order":13,"id":2,"name":"spread","prevSize":24,"code":59655},"setIdx":1,"setId":1,"iconIdx":29},{"icon":{"paths":["M709 379.5c0 10.7-3.8 19.8-11.5 27.5s-16.8 11.5-27.5 11.5h-316c-10.7 0-20-3.8-28-11.5s-12-16.8-12-27.5v-315h-78v315c0 32.7 11.5 60.5 34.5 83.5s50.5 34.5 82.5 34.5h316c32.7 0 60.3-11.5 83-34.5s34-50.8 34-83.5v-315h-78v315h1zM447 139.5l-15 3c-11.3 2-19.3 4.7-24 8s-7 9-7 17c0 8.7 2 14.7 6 18s9.7 5 17 5h56v164c0 11.3 2.5 20.5 7.5 27.5s13.5 10.5 25.5 10.5 20.5-3.5 25.5-10.5 7.5-16.2 7.5-27.5v-245c0-12-2.5-20-7.5-24s-11.2-6-18.5-6c-18.7 0-29.3 8.8-32 26.5s-16.3 28.8-41 33.5zM596.5 885h-130c3.3-8 12.2-16.8 26.5-26.5s33.8-21.5 58.5-35.5c23.3-12.7 41.3-26.2 54-40.5s19-36.2 19-65.5c0-20-9.8-39.2-29.5-57.5s-46.8-27.5-81.5-27.5c-32 0-59.3 8.8-82 26.5s-34 39.8-34 66.5c0 10.7 3.2 18.2 9.5 22.5s13.8 6.5 22.5 6.5 14.8-2.2 18.5-6.5 6.8-10.5 9.5-18.5c4.7-17.3 11.7-29.3 21-36s21-10 35-10c12 0 22.5 3.8 31.5 11.5s13.5 18.5 13.5 32.5c0 17.3-5.8 30.5-17.5 39.5s-32.8 22.8-63.5 41.5c-26.7 16.7-47 33.5-61 50.5s-21 33.2-21 48.5c0 8 2.8 15.3 8.5 22s14.8 10 27.5 10h163c10 0 17.8-2.2 23.5-6.5s8.5-11.5 8.5-21.5c-0.7-8.7-3.8-15.2-9.5-19.5s-12.5-6.5-20.5-6.5zM315 638.5c0-10.7 3.8-19.8 11.5-27.5s17.2-11.5 28.5-11.5h316c10.7 0 19.8 3.8 27.5 11.5s11.5 16.8 11.5 27.5v315h78v-315c0-32.7-11.5-60.5-34.5-83.5s-50.5-34.5-82.5-34.5h-317c-32.7 0-60.3 11.5-83 34.5s-34 50.8-34 83.5v315h78v-315z"],"attrs":[{}],"isMulticolor":false,"isMulticolor2":false,"grid":0,"tags":["thin"]},"attrs":[{}],"properties":{"order":14,"id":1,"name":"thin","prevSize":24,"code":59656},"setIdx":1,"setId":1,"iconIdx":30},{"icon":{"paths":["M159.1 512h790.8c34 0 62.3-12.2 84.8-36.5 22.6-24.3 33.8-54.8 33.8-91.5v-341h-78.8v341c0 13.3-3.6 23.8-10.7 31.5s-16.7 11.5-29.1 11.5h-790.8c-11.7 0-21.3-3.8-28.7-11.5s-11.1-18.2-11.1-31.5v-341h-78.9v341c0 36.7 11.4 67.2 34.3 91.5s51 36.5 84.4 36.5zM467.8 125l-17 4c-12.7 2-21.5 5.3-26.5 10s-7.5 11.3-7.5 20c0 10.7 2.2 18.3 6.5 23s10.8 7 19.5 7h51v171c0 12.7 3.8 22.8 11.5 30.5s18.2 11.5 31.5 11.5c12.7 0 22.8-3.8 30.5-11.5s11.5-17.8 11.5-30.5v-269c0-10.7-3.3-18.3-10-23s-13.3-7-20-7c-21.3 0-33.7 9.7-37 29s-18 31-44 35zM659.8 944.5c0-10.7-2.8-17-8.5-19s-12.5-3-20.5-3h-141c2-21.3 11-35.7 27-43s36.7-18.3 62-33c26-15.3 45.3-31.2 58-47.5s19-40.5 19-72.5c0-21.3-10.3-42.3-31-63s-50-31-88-31c-34.7 0-64 9.5-88 28.5s-36 42.2-36 69.5c0 10.7 3.5 18.3 10.5 23s14.8 7 23.5 7 15.3-2.2 20-6.5 8-10.5 10-18.5c4-19.3 11.2-32.8 21.5-40.5s23.2-11.5 38.5-11.5c12.7 0 24.3 4.2 35 12.5s16 19.8 16 34.5c0 19.3-6.5 33.8-19.5 43.5s-36.5 25.2-70.5 46.5c-30 19.3-52.3 37.7-67 55s-22 34.7-22 52c0 8 3.2 15.7 9.5 23s15.8 11 28.5 11h175c12.7 2 22.2 2.3 28.5 1s9.5-7.3 9.5-18zM949.9 525h-790.8c-33.4 0-61.5 12.2-84.4 36.5s-34.3 54.8-34.3 91.5v341h78.8v-341c0-13.3 3.7-23.8 11.1-31.5s17-11.5 28.7-11.5h790.8c12.4 0 22.1 3.8 29.2 11.5s10.7 18.2 10.7 31.5v341h78.8v-341c0-36.7-11.3-67.2-33.8-91.5s-50.8-36.5-84.8-36.5z"],"attrs":[{}],"width":1109,"isMulticolor":false,"isMulticolor2":false,"grid":0,"tags":["wide"]},"attrs":[{}],"properties":{"order":15,"id":0,"name":"wide","prevSize":24,"code":59657},"setIdx":1,"setId":1,"iconIdx":31}],"height":1024,"metadata":{"name":"breader","designer":"Chocolatkey","designerURL":"https://chocolatkey.com"},"preferences":{"showGlyphs":true,"showQuickUse":true,"showQuickUse2":true,"showSVGs":true,"fontPref":{"prefix":"br-i-","metadata":{"fontFamily":"breader","majorVersion":1,"minorVersion":1,"designer":"Chocolatkey","designerURL":"https://chocolatkey.com"},"metrics":{"emSize":1024,"baseline":6.25,"whitespace":50},"embed":false,"autoHost":true,"cssVars":true,"cssVarsFormat":"scss","showSelector":true,"showMetrics":true,"showVersion":true,"showMetadata":true},"imagePref":{"prefix":"icon-","png":true,"useClassSelector":true,"color":0,"bgColor":16777215,"classSelector":".icon"},"historySize":50,"showCodes":true,"gridSize":16,"quickUsageToken":{"UntitledProject":"N2FjMjVkNWMzNzUwMjM0NTVkMTVhNjg3ZDYyNDc2YzEjMSMxNTMwNTc0NjY0IyMj"}}}